muse,bonobo,the decemberists,snow patrol,lady gaga,,,,,,,,,,,
beatles,the prodigy,muse,,,,,,,,
pink floyd,,,,,,,,,,
pink floyd,the prodigy,lana del rey,simian mobile disco,,,,,,,,
fleetwood mac,pink floyd,led zeppelin,,,,,,,,,
pink floyd,nightwish,the prodigy,ac/dc,editors,,,,,,,,,,,
muse,rammstein,the decemberists,snow patrol,lady gaga,,,,,,,,,,,
beatles,the prodigy,muse,,,,,,,,
pink floyd,,,,,,,,,,
the rolling stones,queen,lana del rey,,,,,,,,,
rammstein,the rolling stones,led zeppelin,,,,,,,,,
the rolling stones,nightwish,queen,ac/dc,editors,,,,,,,,,,,
muse,rammstein,the decemberists,snow patrol,lady gaga,,,,,,,,,,,
beatles,queen,muse,,,,,,,,
the rolling stones,,,,,,,,,,
the rolling stones,queen,lana del rey,simian mobile disco,,,,,,,,
rammstein,the rolling stones,led zeppelin,,,,,,,,,
the rolling stones,nightwish,queen,ac/dc,editors,,,,,,,,,,,
muse,rammstein,the decemberists,snow patrol,lady gaga,,,,,,,,,,,
beatles,queen,muse,,,,,,,,
the rolling stones,,,,,,,,,,
the rolling stones,queen,lana del rey,maneskin,,,,,,,,
rammstein,the rolling stones,led zeppelin,,,,,,,,,
the rolling stones,nightwish,queen,ac/dc,,,,,,,,,,,,
the rolling stones,queen,lana del rey,maneskin,,,,,,,,
rammstein,the rolling stones,led zeppelin,,,,,,,,,
the rolling stones,nightwish,queen,ac/dc,,,,,,,,,,,,
muse,rammstein,the decemberists,snow patrol,lady gaga,,,,,,,,,,,
beatles,queen,muse,,,,,,,,
the rolling stones,,,,,,,,,,
the rolling stones,queen,lana del rey,maneskin,,,,,,,,
rammstein,the rolling stones,led zeppelin,,,,,,,,,
the rolling stones,nightwish,queen,ac/dc,,,,,,,,,,,,
muse,rammstein,the decemberists,snow patrol,lady gaga,,,,,,,,,,,
beatles,queen,,,,,,,,,
the rolling stones,,,,,,,,,,
the rolling stones,queen,lana del rey,maneskin,,,,,,,,
rammstein,the rolling stones,led zeppelin,,,,,,,,,
the rolling stones,nightwish,queen,ac/dc,,,,,,,,,,,,
madonna,,,,,,,,,,
pearl jam,,,,,,,,,,
lady gaga,,,,,,,,,,
muse,john lennon,lana del rey,,,,,,,,,
rammstein,,led zeppelin,,,,,,,,,
muse,nightwish,john lennon,ac/dc,editors,,,,,,,,,,,
muse,rammstein,the decemberists,john lennon,lady gaga,,,,,,,,,,,
beatles,john lennon,,,,,,,,,
lady gaga,,,,,,,,,,
muse,john lennon,lana del rey,simian mobile disco,,,,,,,,
rammstein,,led zeppelin,,,,,,,,,
muse,nightwish,john lennon,ac/dc,editors,,,,,,,,,,,
muse,rammstein,the decemberists,john lennon,lady gaga,,,,,,,,,,,
beatles,john lennon,,,,,,,,,
pink floyd,,,,,,,,,,
lady gaga,john lennon,lana del rey,maneskin,,,,,,,,
rammstein,muse,led zeppelin,,,,,,,,,
muse,nightwish,john lennon,ac/dc,,,,,,,,,,,,
muse,john lennon,lana del rey,maneskin,,,,,,,,
rammstein,muse,led zeppelin,,,,,,,,,
muse,nightwish,john lennon,ac/dc,,,,,,,,,,,,
muse,rammstein,the decemberists,john lennon,lady gaga,,,,,,,,,,,
beatles,john lennon,muse,,,,,,,,
muse,,,,,,,,,,
muse,john lennon,lana del rey,maneskin,,,,,,,,
rammstein,muse,led zeppelin,,,,,,,,,
muse,nightwish,john lennon,ac/dc,,,,,,,,,,,,
muse,rammstein,the decemberists,john lennon,lady gaga,,,,,,,,,,,
beatles,john lennon,muse,,,,,,,,
muse,,,,,,,,,,
muse,john lennon,lana del rey,maneskin,,,,,,,,
rammstein,muse,led zeppelin,,,,,,,,,
muse,nightwish,john lennon,ac/dc,,,,,,,,,,,,
madonna,muse,,,,,,,,,
pearl jam,,,,,,,,,,
